<?xml version="1.0" encoding="UTF-8"?>
<project-private xmlns="http://www.netbeans.org/ns/project-private/1">
    <editor-bookmarks xmlns="http://www.netbeans.org/ns/editor-bookmarks/2" lastBookmarkId="0"/>
    <open-files xmlns="http://www.netbeans.org/ns/projectui-open-files/2">
        <group>
            <file>file:/C:/Users/Asus/Downloads/Compressed/Bai11_NguyenHoangPhuTien/Bai11_NguyenHoangPhuTien/src/bai11_ng/Bai1_5.java</file>
            <file>file:/C:/Users/Asus/Downloads/Compressed/Bai11_NguyenHoangPhuTien/Bai11_NguyenHoangPhuTien/src/bai11_ng/Bai11_Ng.java</file>
        </group>
    </open-files>
</project-private>
