<?xml version="1.0" encoding="UTF-8"?>
<project-private xmlns="http://www.netbeans.org/ns/project-private/1">
    <editor-bookmarks xmlns="http://www.netbeans.org/ns/editor-bookmarks/2" lastBookmarkId="0"/>
    <open-files xmlns="http://www.netbeans.org/ns/projectui-open-files/2">
        <group>
            <file>file:/G:/Bai8_NguyenHoangPhuTien/Bai8_NguyenHoangPhuTien/Bai8_NguyenHoangPhuTien/test/UnitTest/TimSoDauTienTheoDieuKien.java</file>
            <file>file:/G:/Bai8_NguyenHoangPhuTien/Bai8_NguyenHoangPhuTien/Bai8_NguyenHoangPhuTien/test/UnitTest/kiemTraSoNguyenTo.java</file>
            <file>file:/G:/Bai8_NguyenHoangPhuTien/Bai8_NguyenHoangPhuTien/Bai8_NguyenHoangPhuTien/test/UnitTest/TimSoLonHon_M1C.java</file>
            <file>file:/G:/Bai8_NguyenHoangPhuTien/Bai8_NguyenHoangPhuTien/Bai8_NguyenHoangPhuTien/test/UnitTest/timSoLanTrungLap_Mang2Chieu.java</file>
            <file>file:/G:/Bai8_NguyenHoangPhuTien/Bai8_NguyenHoangPhuTien/Bai8_NguyenHoangPhuTien/test/UnitTest/kiemTraPhanTuAm_M2C.java</file>
            <file>file:/G:/Bai8_NguyenHoangPhuTien/Bai8_NguyenHoangPhuTien/Bai8_NguyenHoangPhuTien/src/GeneralMethod/AllMethod.java</file>
        </group>
    </open-files>
</project-private>
